"","name","cell_order","author","is_main","Time"
"1","MAST (cell)","< 1k","bca",TRUE,"8.219 ± 1.787"
"2","MAST (cell)","< 1k","kumar",TRUE,"8.236 ± 0.994"
"3","MAST (cell)","< 1k","yazar",TRUE,"6.963 ± 1.055"
"4","MAST (cell)","1k-20k","bca",TRUE,"32.564 ± 16.109"
"5","MAST (cell)","1k-20k","hsc",TRUE,"42.921 ± 19.081"
"6","MAST (cell)","1k-20k","kumar",TRUE,"24.037 ± 14.763"
"7","MAST (cell)","1k-20k","yazar",TRUE,"17.223 ± 7.169"
"8","MAST (cell)","> 20k","bca",TRUE,"155.888 ± 51.986"
"9","MAST (cell)","> 20k","hsc",TRUE,"188.726 ± 67.484"
"10","MAST (cell)","> 20k","kumar",TRUE,"88.853 ± 11.863"
"11","NEBULA","< 1k","bca",TRUE,"3.772 ± 0.615"
"12","NEBULA","< 1k","kumar",TRUE,"4.339 ± 0.327"
"13","NEBULA","< 1k","yazar",TRUE,"4.160 ± 0.396"
"14","NEBULA","1k-20k","bca",TRUE,"10.111 ± 4.297"
"15","NEBULA","1k-20k","hsc",TRUE,"13.244 ± 5.525"
"16","NEBULA","1k-20k","kumar",TRUE,"6.885 ± 3.117"
"17","NEBULA","1k-20k","yazar",TRUE,"6.868 ± 1.763"
"18","NEBULA","> 20k","bca",TRUE,"41.754 ± 14.668"
"19","NEBULA","> 20k","hsc",TRUE,"57.460 ± 25.061"
"20","NEBULA","> 20k","kumar",TRUE,"22.265 ± 3.510"
"21","Seurat (cell)","< 1k","bca",FALSE,"0.040 ± 0.182"
"22","Seurat (cell)","< 1k","kumar",FALSE,"0.048 ± 0.007"
"23","Seurat (cell)","< 1k","yazar",FALSE,"0.048 ± 0.005"
"24","Seurat (cell)","1k-20k","bca",FALSE,"0.253 ± 0.241"
"25","Seurat (cell)","1k-20k","hsc",FALSE,"0.376 ± 0.277"
"26","Seurat (cell)","1k-20k","kumar",FALSE,"0.155 ± 0.138"
"27","Seurat (cell)","1k-20k","yazar",FALSE,"0.120 ± 0.086"
"28","Seurat (cell)","> 20k","bca",FALSE,"1.629 ± 0.626"
"29","Seurat (cell)","> 20k","hsc",FALSE,"2.076 ± 1.420"
"30","Seurat (cell)","> 20k","kumar",FALSE,"1.069 ± 0.111"
"31","devil (MLE-NB)","< 1k","bca",FALSE,"0.299 ± 0.081"
"32","devil (MLE-NB)","< 1k","kumar",FALSE,"0.352 ± 0.058"
"33","devil (MLE-NB)","< 1k","yazar",FALSE,"0.407 ± 0.073"
"34","devil (MLE-NB)","1k-20k","bca",FALSE,"2.386 ± 1.431"
"35","devil (MLE-NB)","1k-20k","hsc",FALSE,"3.186 ± 1.469"
"36","devil (MLE-NB)","1k-20k","kumar",FALSE,"1.522 ± 1.347"
"37","devil (MLE-NB)","1k-20k","yazar",FALSE,"1.348 ± 0.707"
"38","devil (MLE-NB)","> 20k","bca",FALSE,"12.343 ± 4.924"
"39","devil (MLE-NB)","> 20k","hsc",FALSE,"15.655 ± 6.057"
"40","devil (MLE-NB)","> 20k","kumar",FALSE,"8.113 ± 1.706"
"41","devil (MOM-NB)","< 1k","bca",TRUE,"0.129 ± 0.036"
"42","devil (MOM-NB)","< 1k","kumar",TRUE,"0.165 ± 0.029"
"43","devil (MOM-NB)","< 1k","yazar",TRUE,"0.251 ± 0.062"
"44","devil (MOM-NB)","1k-20k","bca",TRUE,"1.270 ± 0.836"
"45","devil (MOM-NB)","1k-20k","hsc",TRUE,"1.780 ± 0.769"
"46","devil (MOM-NB)","1k-20k","kumar",TRUE,"0.770 ± 0.788"
"47","devil (MOM-NB)","1k-20k","yazar",TRUE,"0.960 ± 0.505"
"48","devil (MOM-NB)","> 20k","bca",TRUE,"6.783 ± 2.596"
"49","devil (MOM-NB)","> 20k","hsc",TRUE,"8.847 ± 2.833"
"50","devil (MOM-NB)","> 20k","kumar",TRUE,"5.040 ± 0.882"
"51","devil (MOM-NB)",NA,"hsc",TRUE,"NA ± NA"
"52","edgeR (Pb)","< 1k","bca",TRUE,"0.125 ± 0.030"
"53","edgeR (Pb)","< 1k","kumar",TRUE,"0.122 ± 0.154"
"54","edgeR (Pb)","< 1k","yazar",TRUE,"0.143 ± 0.148"
"55","edgeR (Pb)","1k-20k","bca",TRUE,"0.124 ± 0.031"
"56","edgeR (Pb)","1k-20k","hsc",TRUE,"0.123 ± 0.022"
"57","edgeR (Pb)","1k-20k","kumar",TRUE,"0.133 ± 0.041"
"58","edgeR (Pb)","1k-20k","yazar",TRUE,"0.170 ± 0.041"
"59","edgeR (Pb)","> 20k","bca",TRUE,"0.169 ± 0.034"
"60","edgeR (Pb)","> 20k","hsc",TRUE,"0.202 ± 0.029"
"61","edgeR (Pb)","> 20k","kumar",TRUE,"0.168 ± 0.030"
"62","glmGamPoi (cell)","< 1k","bca",TRUE,"0.699 ± 0.227"
"63","glmGamPoi (cell)","< 1k","kumar",TRUE,"0.667 ± 0.138"
"64","glmGamPoi (cell)","< 1k","yazar",TRUE,"0.760 ± 0.188"
"65","glmGamPoi (cell)","1k-20k","bca",TRUE,"3.855 ± 2.143"
"66","glmGamPoi (cell)","1k-20k","hsc",TRUE,"5.051 ± 2.893"
"67","glmGamPoi (cell)","1k-20k","kumar",TRUE,"2.556 ± 2.021"
"68","glmGamPoi (cell)","1k-20k","yazar",TRUE,"2.156 ± 1.289"
"69","glmGamPoi (cell)","> 20k","bca",TRUE,"18.871 ± 7.703"
"70","glmGamPoi (cell)","> 20k","hsc",TRUE,"23.309 ± 10.427"
"71","glmGamPoi (cell)","> 20k","kumar",TRUE,"12.449 ± 2.834"
"72","limma (Pb)","< 1k","bca",TRUE,"0.036 ± 0.001"
"73","limma (Pb)","< 1k","kumar",TRUE,"0.036 ± 0.001"
"74","limma (Pb)","< 1k","yazar",TRUE,"0.037 ± 0.002"
"75","limma (Pb)","1k-20k","bca",TRUE,"0.036 ± 0.004"
"76","limma (Pb)","1k-20k","hsc",TRUE,"0.036 ± 0.003"
"77","limma (Pb)","1k-20k","kumar",TRUE,"0.037 ± 0.003"
"78","limma (Pb)","1k-20k","yazar",TRUE,"0.041 ± 0.005"
"79","limma (Pb)","> 20k","bca",TRUE,"0.040 ± 0.010"
"80","limma (Pb)","> 20k","hsc",TRUE,"0.043 ± 0.017"
"81","limma (Pb)","> 20k","kumar",TRUE,"0.043 ± 0.009"
"82","limma (cell)","< 1k","bca",FALSE,"0.468 ± 0.274"
"83","limma (cell)","< 1k","kumar",FALSE,"0.445 ± 0.117"
"84","limma (cell)","< 1k","yazar",FALSE,"0.332 ± 0.135"
"85","limma (cell)","1k-20k","bca",FALSE,"4.237 ± 2.438"
"86","limma (cell)","1k-20k","hsc",FALSE,"6.001 ± 2.808"
"87","limma (cell)","1k-20k","kumar",FALSE,"2.580 ± 2.256"
"88","limma (cell)","1k-20k","yazar",FALSE,"1.363 ± 1.104"
"89","limma (cell)","> 20k","bca",FALSE,"23.961 ± 8.691"
"90","limma (cell)","> 20k","hsc",FALSE,"31.077 ± 11.849"
"91","limma (cell)","> 20k","kumar",FALSE,"13.524 ± 2.589"
"92","limmaDupCorr (cell)","< 1k","bca",FALSE,"15.214 ± 5.923"
"93","limmaDupCorr (cell)","< 1k","kumar",FALSE,"16.475 ± 5.771"
"94","limmaDupCorr (cell)","< 1k","yazar",FALSE,"9.482 ± 4.183"
"95","limmaDupCorr (cell)","1k-20k","bca",FALSE,"1415.861 ± 1025.565"
"96","limmaDupCorr (cell)","1k-20k","hsc",FALSE,"1332.520 ± 982.763"
"97","limmaDupCorr (cell)","1k-20k","kumar",FALSE,"942.979 ± 923.815"
"98","limmaDupCorr (cell)","1k-20k","yazar",FALSE,"322.808 ± 906.843"
