n_genes,n_cells,n_gpus,batch_size,time,gpu_used_memory_mb
1000,10000,1,100,0.434007167816162,1954.0
1000,10000,1,200,0.352302074432373,1988.0
1000,10000,1,500,0.318653583526611,2094.0
1000,10000,1,1000,0.383005857467651,2270.0
1000,100000,1,100,3.0462327003479,2268.0
1000,100000,1,200,2.22305750846863,2608.0
1000,100000,1,500,4.28494763374329,3632.0
1000,100000,1,1000,3.8838472366333,5342.0
1000,1000000,1,100,85.4927501678467,5356.0
1000,1000000,1,200,54.2589745521545,8790.0
1000,1000000,1,500,41.902795791626,19086.0
1000,1000000,1,1000,38.8954062461853,36254.0
5000,10000,1,100,3.50614380836487,1930.0
5000,10000,1,200,2.48650050163269,1964.0
5000,10000,1,500,2.13301014900208,2070.0
5000,10000,1,1000,2.30937099456787,2246.0
5000,100000,1,100,21.5895767211914,2244.0
5000,100000,1,200,21.6275715827942,2584.0
5000,100000,1,500,20.8707950115204,3608.0
5000,100000,1,1000,18.8418126106262,5318.0
5000,1000000,1,100,453.812918901443,5332.0
5000,1000000,1,200,286.031368732452,8766.0
5000,1000000,1,500,219.448871612549,19062.0
5000,1000000,1,1000,199.958205699921,36230.0
10000,10000,1,100,10.1162509918213,1906.0
10000,10000,1,200,6.75892496109009,1940.0
10000,10000,1,500,5.09678101539612,2046.0
10000,10000,1,1000,4.44048810005188,2222.0
10000,100000,1,100,59.6278548240662,2220.0
10000,100000,1,200,50.0053532123566,2560.0
10000,100000,1,500,41.9813666343689,3584.0
10000,100000,1,1000,37.9014012813568,5294.0
10000,1000000,1,100,994.685950756073,5308.0
10000,1000000,1,200,705.095363378525,8742.0
10000,1000000,1,500,583.247219085693,19038.0
10000,1000000,1,1000,503.622177124023,36206.0
1000,10000,2,100,0.368361711502075,1956.0
1000,10000,2,200,0.264613628387451,1990.0
1000,10000,2,500,0.254099369049072,2096.0
1000,10000,2,1000,0.462050437927246,2272.0
1000,100000,2,100,2.02085733413696,2272.0
1000,100000,2,200,1.72860431671143,2610.0
1000,100000,2,500,2.67427659034729,3636.0
1000,100000,2,1000,3.83292102813721,5346.0
1000,1000000,2,100,48.1045937538147,5362.0
1000,1000000,2,200,36.8927056789398,8796.0
1000,1000000,2,500,26.5561134815216,19092.0
1000,1000000,2,1000,38.8315563201904,36260.0
5000,10000,2,100,1.901535987854,1938.0
5000,10000,2,200,1.57193732261658,1972.0
5000,10000,2,500,1.27812743186951,2072.0
5000,10000,2,1000,1.30345320701599,2248.0
5000,100000,2,100,12.7908308506012,2252.0
5000,100000,2,200,12.8778228759766,2592.0
5000,100000,2,500,12.3636891841888,3610.0
5000,100000,2,1000,12.886771440506,5326.0
5000,1000000,2,100,264.286599636078,5334.0
5000,1000000,2,200,178.235451459885,8768.0
5000,1000000,2,500,180.481826782227,19064.0
5000,1000000,2,1000,187.055370569229,36232.0
10000,10000,2,100,9.50232124328613,1914.0
10000,10000,2,200,6.55882596969604,1942.0
10000,10000,2,500,3.8817343711853,2048.0
10000,10000,2,1000,2.72671103477478,2224.0
10000,100000,2,100,33.8563461303711,2228.0
10000,100000,2,200,29.1088962554932,2568.0
10000,100000,2,500,25.7968649864197,3586.0
10000,100000,2,1000,33.9687123298645,5296.0
10000,1000000,2,100,626.43799829483,5310.0
10000,1000000,2,200,483.543308734894,8744.0
10000,1000000,2,500,427.061188459396,19040.0
10000,1000000,2,1000,415.682099819183,36208.0
1000,10000,4,100,0.26076340675354,1830.0
1000,10000,4,200,0.218800067901611,1992.0
1000,10000,4,500,0.278747081756592,2096.0
1000,10000,4,1000,0.432975053787231,2274.0
1000,100000,4,100,1.64340734481812,2276.0
1000,100000,4,200,1.5573525428772,2612.0
1000,100000,4,500,2.50467681884766,3640.0
1000,100000,4,1000,3.96296977996826,5352.0
1000,1000000,4,100,33.382435798645,5368.0
1000,1000000,4,200,28.3428552150726,8802.0
1000,1000000,4,500,26.4772336483002,19098.0
1000,1000000,4,1000,38.9437937736511,36260.0
5000,10000,4,100,1.20265412330627,1946.0
5000,10000,4,200,0.994061708450317,1976.0
5000,10000,4,500,0.838967084884644,2078.0
5000,10000,4,1000,1.03728437423706,2254.0
5000,100000,4,100,8.31928491592407,2256.0
5000,100000,4,200,8.57802820205688,2590.0
5000,100000,4,500,8.91088080406189,3620.0
5000,100000,4,1000,9.79841947555542,5330.0
5000,1000000,4,100,176.15959405899,5348.0
5000,1000000,4,200,130.678493499756,8774.0
5000,1000000,4,500,101.919170379639,19074.0
5000,1000000,4,1000,119.270009040833,36238.0
10000,10000,4,100,3.15658354759216,1918.0
10000,10000,4,200,2.22793054580688,1946.0
10000,10000,4,500,1.80549240112305,2054.0
10000,10000,4,1000,1.81340360641479,2230.0
10000,100000,4,100,20.9583656787872,2226.0
10000,100000,4,200,18.4450831413269,2572.0
10000,100000,4,500,15.9049186706543,3590.0
10000,100000,4,1000,16.5845150947571,5306.0
10000,1000000,4,100,430.149268627167,5316.0
10000,1000000,4,200,363.118414878845,8758.0
10000,1000000,4,500,358.330482721329,19044.0
10000,1000000,4,1000,364.975075483322,36214.0
1000,10000,8,100,0.267024517059326,1958.0
1000,10000,8,200,0.253506660461426,1992.0
1000,10000,8,500,0.357184886932373,2100.0
1000,10000,8,1000,0.449583768844604,2276.0
1000,100000,8,100,1.68749666213989,2276.0
1000,100000,8,200,1.44049263000488,2616.0
1000,100000,8,500,2.56117558479309,3642.0
1000,100000,8,1000,3.90535664558411,5354.0
1000,1000000,8,100,26.2728455066681,5372.0
1000,1000000,8,200,20.2705030441284,8804.0
1000,1000000,8,500,26.6982734203339,19102.0
1000,1000000,8,1000,39.2688100337982,36270.0
5000,10000,8,100,0.842101097106934,1950.0
5000,10000,8,200,0.715452432632446,1982.0
5000,10000,8,500,0.800458431243896,2088.0
5000,10000,8,1000,0.812761068344116,2262.0
5000,100000,8,100,6.38625001907349,2266.0
5000,100000,8,200,6.50982904434204,2602.0
5000,100000,8,500,7.20775365829468,3626.0
5000,100000,8,1000,6.79881858825684,5336.0
5000,1000000,8,100,121.713533401489,5348.0
5000,1000000,8,200,101.729671239853,8786.0
5000,1000000,8,500,133.66156244278,19082.0
5000,1000000,8,1000,127.79331111908,36246.0
10000,10000,8,100,1.97891879081726,1922.0
10000,10000,8,200,1.56213235855103,1962.0
10000,10000,8,500,1.46920537948608,2068.0
10000,10000,8,1000,1.43894147872925,2244.0
10000,100000,8,100,14.3231031894684,2242.0
10000,100000,8,200,13.1861910820007,2582.0
10000,100000,8,500,16.084212064743,3606.0
10000,100000,8,1000,14.570549249649,5310.0
10000,1000000,8,100,360.113026857376,5330.0
10000,1000000,8,200,302.156665086746,8764.0
10000,1000000,8,500,324.943643569946,19060.0
10000,1000000,8,1000,304.26948094368,36222.0
